sample_id,psnr,ssim,lpips
10140071_10164_34804,37.05092198680929,0.9330828785896301,0.08560332655906677
10140071_10164_80696,30.74627308771365,0.8116829991340637,0.1387365460395813
10140071_11088_50820,35.5671498508043,0.8977975845336914,0.08957049250602722
10140071_11396_25872,34.624719205805825,0.880627453327179,0.1196829229593277
10140071_11396_43736,36.02042459578156,0.9075515866279602,0.10140320658683777
10140071_12012_52052,34.79235719113141,0.9156902432441711,0.09480273723602295
10140071_1232_64680,35.30510878246792,0.905942440032959,0.12040791660547256
10140071_12628_72996,31.088677337294254,0.8498881459236145,0.17383097112178802
10140071_12628_76384,32.43051340168653,0.867713451385498,0.129106804728508
10140071_12936_48972,33.99363440937791,0.8904187083244324,0.08200943470001221
10140071_12936_49588,35.74970891347709,0.9199360013008118,0.07194872945547104
10140071_12936_78232,34.63966455493812,0.8592538833618164,0.1569153070449829
10140071_13244_57596,36.353308882018375,0.9248342514038086,0.07584834098815918
10140071_14168_39116,34.03104260397674,0.8716164231300354,0.13504146039485931
10140071_14168_52052,33.39374062254508,0.8772847652435303,0.09177839756011963
10140071_14476_24024,36.0470415796102,0.9028715491294861,0.10228021442890167
10140071_14476_27720,35.27042016599374,0.9102805256843567,0.08900240063667297
10140071_14476_74844,34.748628338918834,0.8881516456604004,0.12708958983421326
10140071_14784_36960,34.840204284572835,0.8983070850372314,0.092951200902462
10140071_15400_61908,33.89707499553508,0.8758773803710938,0.11448891460895538
10140071_15400_67144,36.643950210219074,0.9109532833099365,0.10185803472995758
10140071_1540_32340,30.401836236937882,0.8554494976997375,0.12765279412269592
10140071_1540_44044,34.508779967786815,0.8693714141845703,0.1526651382446289
10140071_1540_49588,30.726154245030152,0.8732655048370361,0.08650676161050797
10140071_15708_53592,36.79032567936393,0.9150258898735046,0.10021716356277466
10140071_16324_77616,34.006780109867435,0.9052196145057678,0.08217234164476395
10140071_16940_30492,35.17318057756369,0.8932539820671082,0.10969039797782898
10140071_16940_48356,32.010134497195104,0.874603807926178,0.12369006127119064
10140071_17248_81004,33.09356425106809,0.8261792063713074,0.16529834270477295
10140071_17556_45276,33.7392877808785,0.8956999778747559,0.08348554372787476
10140071_17556_82544,34.21569265453657,0.8758863806724548,0.10177555680274963
10140071_17556_85624,32.16931558859649,0.8536262512207031,0.12225492298603058
10140071_17864_72688,33.21494007729133,0.8807210922241211,0.10322722047567368
10140071_17864_77924,33.54158891949779,0.8709461092948914,0.11210532486438751
10140071_18480_32648,30.850133435766484,0.8247408866882324,0.13001909852027893
10140071_1848_49588,32.23185065857504,0.8887272477149963,0.11956401914358139
10140071_18788_20020,33.72899495542093,0.862720787525177,0.13872647285461426
10140071_18788_81004,33.12437627186374,0.9152358174324036,0.07278156280517578
10140071_19096_27720,35.73116293502752,0.9135555624961853,0.08245459198951721
10140071_19404_16324,34.08581818274425,0.8787924647331238,0.09263286739587784
10140071_19404_36344,34.11324248642301,0.8856342434883118,0.11581836640834808
10140071_19404_52668,32.24429117943834,0.8894804120063782,0.09641653299331665
10140071_19404_79772,34.85037063206515,0.9106042981147766,0.06974662840366364
10140071_19712_26488,33.28620301616302,0.8784247040748596,0.13878107070922852
10140071_20328_15092,32.91250989518429,0.8807217478752136,0.12987419962882996
10140071_20636_64680,33.77487360774921,0.8653714060783386,0.14758801460266113
10140071_20944_23100,35.070032631538766,0.8897972106933594,0.14167389273643494
10140071_21252_29876,34.036305408217615,0.8696832060813904,0.1245725154876709
10140071_21868_48048,35.83597458919945,0.9300861954689026,0.09359843283891678
10140071_21868_83468,32.562364096807684,0.8823697566986084,0.11196441948413849
10140071_22176_12936,37.836546399663405,0.9143364429473877,0.0862298384308815
10140071_23408_41580,35.27086466866114,0.9086170196533203,0.08181988447904587
10140071_23716_28952,33.35952588588172,0.8674346804618835,0.1370895951986313
10140071_23716_82544,34.17991641910689,0.9015290141105652,0.07442034780979156
10140071_23716_84392,33.05509129462478,0.8636762499809265,0.09798714518547058
10140071_24024_65604,28.740063161495513,0.845373809337616,0.10404573380947113
10140071_24024_71764,34.11225121027318,0.8865575790405273,0.10842761397361755
10140071_24024_83776,34.94423737714324,0.899124801158905,0.0954742580652237
10140071_24332_46508,34.67762914837631,0.9073567390441895,0.10201730579137802
10140071_24332_60060,32.641683618961125,0.889691174030304,0.12116381525993347
10140071_24640_66528,32.07254514868383,0.8539453148841858,0.10160212963819504
10140071_24948_64680,34.752403295469946,0.9166216254234314,0.08058847486972809
10140071_25256_13552,28.36099373092301,0.7528483867645264,0.202162966132164
10140071_25256_42504,34.24831568882354,0.8892514109611511,0.08952595293521881
10140071_25564_41272,37.01776399533795,0.9232800006866455,0.085425466299057
10140071_25872_61600,36.877333085067164,0.9183775782585144,0.09329710900783539
10140071_25872_68068,35.38680493099144,0.9063218235969543,0.11047690361738205
10140071_25872_75152,33.43476907053771,0.9194560647010803,0.0739661306142807
10140071_25872_90860,35.70919618039815,0.8876913189888,0.13061164319515228
10140071_26180_30492,33.79579617935455,0.8801433444023132,0.1257423758506775
10140071_26180_74536,35.419511372977645,0.910600483417511,0.10680338740348816
10140071_26488_54824,35.49601169099786,0.9159052968025208,0.06484807282686234
10140071_26488_73304,35.55003379836684,0.9269144535064697,0.07486890256404877
10140071_26796_85008,35.04171574299713,0.897523820400238,0.0972486138343811
10140071_27104_20944,30.81535204974047,0.8684720993041992,0.1162576675415039
10140071_27720_87164,35.52441427432958,0.9192858338356018,0.09626951813697815
10140071_28028_72688,34.94393409976864,0.8982036113739014,0.0787992924451828
10140071_28336_81312,35.211550882718896,0.9075863361358643,0.08374133706092834
10140071_28336_86240,34.56389490903955,0.9047829508781433,0.09295247495174408
10140071_28644_86240,30.63546319500276,0.8687326908111572,0.13239282369613647
10140071_28952_24948,34.852448923539974,0.8969170451164246,0.12769614160060883
10140071_29568_67144,35.291486532272245,0.8991246819496155,0.083816759288311
10140071_29568_80080,31.9232412831712,0.8678397536277771,0.113344207406044
10140071_29876_75460,37.942837513763756,0.9370872974395752,0.08639158308506012
10140071_30184_52360,36.164811408528166,0.9018537998199463,0.13357582688331604
10140071_30492_88396,34.39233016395322,0.8863977789878845,0.13295182585716248
10140071_30492_9548,33.82673644534932,0.8969588875770569,0.07970921695232391
10140071_30800_75152,32.58502222578646,0.8759813904762268,0.09453682601451874
10140071_3080_38500,35.81277545863422,0.923170268535614,0.08846598863601685
10140071_31108_28336,33.370412500729316,0.8642289042472839,0.1129160076379776
10140071_31108_90860,33.302778154808024,0.8630130887031555,0.10021081566810608
10140071_31416_93324,33.47443999582865,0.8826692700386047,0.05813601240515709
10140071_31724_44660,33.588965194518906,0.9069629311561584,0.07559625804424286
10140071_32648_56056,31.236293719416636,0.8748700022697449,0.08726891875267029
10140071_32648_84392,34.01028569125621,0.8704485893249512,0.10727579891681671
10140071_32956_68992,34.05835557907005,0.9116864204406738,0.08781963586807251
10140071_32956_81004,32.451764698124165,0.890739917755127,0.09716148674488068
10140071_32956_82544,33.61035087872735,0.8502726554870605,0.14593224227428436
10140071_32956_91476,31.526905273678597,0.8615335822105408,0.12260831892490387
10140071_33264_33880,36.1987364561391,0.914288341999054,0.0989452376961708
10140071_33572_85624,34.19309762455894,0.9076757431030273,0.1081244945526123
10140071_33880_85624,35.120115140974086,0.9300219416618347,0.08003890514373779
10140071_3388_32340,30.70481564533827,0.8614233136177063,0.09847405552864075
10140071_3388_64988,37.56457418213142,0.9341605305671692,0.06272337585687637
10140071_34188_88088,34.47572846110811,0.8890013694763184,0.09101982414722443
10140071_34496_29876,35.7668241453696,0.9012052416801453,0.10503008961677551
10140071_34496_48048,33.88755546645185,0.8844029307365417,0.13845987617969513
10140071_34496_68684,32.47262120402778,0.848301112651825,0.16327303647994995
10140071_34804_44044,33.46759794094712,0.8760965466499329,0.12351368367671967
10140071_34804_61292,35.037251588546475,0.8830101490020752,0.10923603177070618
10140071_34804_93940,31.828644981432824,0.7945523262023926,0.1940348744392395
10140071_35112_16940,31.887796509795926,0.85651034116745,0.1195361465215683
10140071_35112_18480,34.73485701808127,0.8931166529655457,0.10408271849155426
10140071_35728_27412,33.636340777782046,0.8889563083648682,0.115749791264534
10140071_35728_93016,33.87895329379908,0.864713728427887,0.14467820525169373
10140071_36036_38192,31.39133175608483,0.8366855978965759,0.13249249756336212
10140071_36344_71148,33.51210871946837,0.8591687083244324,0.14232796430587769
10140071_36344_90552,35.58890371636287,0.9215948581695557,0.07069654017686844
10140071_37268_29260,34.28922746406148,0.872025191783905,0.14396896958351135
10140071_37268_52976,32.49633604940265,0.8891502022743225,0.08703184872865677
10140071_37268_93632,33.10533351651287,0.8701114654541016,0.11026322841644287
10140071_37576_77000,33.11100653867535,0.8982283473014832,0.10768529027700424
10140071_37884_12320,35.83645001464488,0.8995103240013123,0.0990653857588768
10140071_38192_20636,32.0959029005899,0.8888964653015137,0.0930640697479248
10140071_38192_52668,35.33290291992402,0.9147920608520508,0.07708112895488739
10140071_38192_62832,35.07926415439794,0.877264678478241,0.11669585108757019
10140071_38192_77616,32.137923218814876,0.8587461113929749,0.12260432541370392
10140071_39116_29260,34.850509614077644,0.9054928421974182,0.08745819330215454
10140071_39116_76384,32.4692002772127,0.8611752390861511,0.10993364453315735
10140071_39116_83776,29.891650884226753,0.8867595195770264,0.07505194842815399
10140071_39424_89012,35.05698334243745,0.8990795612335205,0.09523139894008636
10140071_39732_73612,34.532392310561406,0.899885356426239,0.09829476475715637
10140071_39732_89320,31.999820663948505,0.8421257138252258,0.12017685174942017
10140071_40040_81004,32.6756870315391,0.8682751059532166,0.12386631965637207
10140071_40040_8316,35.244647743860504,0.8588016033172607,0.16744424402713776
10140071_40656_46816,29.681472289309422,0.8235717415809631,0.166402667760849
10140071_40964_75460,32.83377224215886,0.8985967040061951,0.08729039132595062
10140071_41272_29876,32.6104742570519,0.8765377998352051,0.11683633923530579
10140071_41272_50512,31.852571384963948,0.8812004923820496,0.09584703296422958
10140071_41272_52976,33.554402797420344,0.8876957893371582,0.10016876459121704
10140071_41580_32648,33.80405507527036,0.9046397805213928,0.10584943741559982
10140071_41580_77308,30.24475788045723,0.8716256618499756,0.09353360533714294
10140071_41580_87472,33.394279185579904,0.8492527008056641,0.12862542271614075
10140071_41888_32956,33.623296543261645,0.9285609722137451,0.08514513075351715
10140071_41888_38192,31.801363670459793,0.8800718784332275,0.11299561709165573
10140071_41888_57596,37.71356692417526,0.935620129108429,0.08113187551498413
10140071_41888_78540,34.34626958441969,0.9060730338096619,0.09891393780708313
10140071_42196_65296,33.86497536616425,0.9013569355010986,0.08560154587030411
10140071_42196_90552,35.86226217470326,0.8930981755256653,0.14226669073104858
10140071_42504_24332,34.265802147340544,0.9100134372711182,0.11084508895874023
10140071_42504_68992,30.691757669291672,0.876207172870636,0.09228285402059555
10140071_42504_88704,31.75989011003148,0.8438081741333008,0.1369091272354126
10140071_42812_88088,32.29803550811331,0.8428395390510559,0.14713473618030548
10140071_42812_89320,31.970103811976173,0.8846744894981384,0.10074730217456818
10140071_43120_30184,35.01637394176937,0.8960776329040527,0.15731409192085266
10140071_4312_33264,33.29274888242017,0.9329843521118164,0.0535460002720356
10140071_4312_61908,33.655754617072176,0.8577723503112793,0.11797557771205902
10140071_43428_37884,31.041032613926486,0.8419597148895264,0.11028511077165604
10140071_43428_57596,34.69715613000445,0.91722172498703,0.07499460875988007
10140071_43428_78540,29.946161670369747,0.8879899382591248,0.08148649334907532
10140071_43736_72996,36.195692211474025,0.9292289614677429,0.06548238545656204
10140071_44352_75152,36.182160454089626,0.9023095965385437,0.11300633102655411
10140071_44352_87164,31.583034616918788,0.8624205589294434,0.12244991958141327
10140071_44352_92092,35.29722977566317,0.9143238067626953,0.09095530211925507
10140071_44660_30184,32.25037839517322,0.8232388496398926,0.16843272745609283
10140071_44660_54516,32.12049198585244,0.8483565449714661,0.13024786114692688
10140071_44660_75768,34.98553957913624,0.9103098511695862,0.10359330475330353
10140071_44660_8316,34.90767073560717,0.8717005252838135,0.17014864087104797
10140071_44968_87472,33.02228418302331,0.8912916779518127,0.09826145321130753
10140071_45276_92092,32.97718016373442,0.8799734115600586,0.10711371898651123
10140071_45584_33572,35.03264587561531,0.9131433367729187,0.08174349367618561
10140071_45892_16632,35.19606249481604,0.88787841796875,0.12847940623760223
10140071_46200_28336,31.5994796894029,0.8329142928123474,0.18725940585136414
10140071_46200_28952,31.17488514565798,0.8517916798591614,0.11111761629581451
10140071_46200_69300,34.706143243217575,0.9246859550476074,0.06299909949302673
10140071_46200_88088,33.9160921147372,0.8769838213920593,0.11401708424091339
10140071_4620_36344,36.87441917505427,0.9432962536811829,0.058427922427654266
10140071_46816_79772,33.506540450376086,0.8948678970336914,0.08536490797996521
10140071_47124_36652,36.22699827871664,0.8855200409889221,0.13393071293830872
10140071_47124_40964,31.945519473115063,0.8745186924934387,0.11556842923164368
10140071_47432_81312,34.31700721421062,0.8782369494438171,0.12583273649215698
10140071_47740_23716,28.88637584227842,0.8462043404579163,0.157653346657753
10140071_47740_80388,34.225821513012825,0.9026468396186829,0.11343951523303986
10140071_47740_89936,32.397623705555155,0.8521609902381897,0.12365151196718216
10140071_48664_32648,35.54676987525212,0.9228816032409668,0.05748472362756729
10140071_48664_65296,33.75251810921037,0.9221007227897644,0.07628259807825089
10140071_48972_37576,33.45028134916553,0.9041511416435242,0.09542683511972427
10140071_49280_16016,31.935229740906976,0.8621619343757629,0.11055748164653778
10140071_49280_27412,29.019287311810047,0.8090362548828125,0.1198958307504654
10140071_49280_88396,33.95158200875902,0.9054942727088928,0.07877203822135925
10140071_4928_35112,33.50332125098862,0.9106660485267639,0.0577121302485466
10140071_4928_51744,34.00000559583433,0.9081559181213379,0.06649473309516907
10140071_49588_87780,30.29227880622574,0.8755384087562561,0.09499382227659225
10140071_49896_35420,35.80893929647518,0.8991861939430237,0.09364446252584457
10140071_52052_12628,34.40540665232041,0.8976640105247498,0.10607322305440903
10140071_52052_77924,34.13204545457564,0.9071375727653503,0.08920936286449432
10140071_52052_79464,34.33868543317706,0.9113138318061829,0.07918475568294525
10140071_52052_90244,34.100281692954844,0.9009260535240173,0.0687267854809761
10140071_52360_43428,32.25544355878601,0.8729982376098633,0.11224383860826492
10140071_5236_51436,34.34978819754995,0.917726993560791,0.05929262936115265
10140071_5236_75460,37.52414625951998,0.9455733299255371,0.03904558718204498
10140071_52668_51436,28.906931676785533,0.8356860280036926,0.11771060526371002
10140071_52668_77616,33.25922109617903,0.8876052498817444,0.11627912521362305
10140071_52668_79156,36.527148818947495,0.9192667603492737,0.07506919652223587
10140071_52976_11088,33.72524299717665,0.8942272067070007,0.11413143575191498
10140071_52976_23100,35.47809750321948,0.9274155497550964,0.07647295296192169
10140071_53592_50512,34.07600043773467,0.8982188701629639,0.10416287183761597
10140071_53900_40348,35.64428573370067,0.9005497097969055,0.08531185984611511
10140071_53900_41272,32.555351090045164,0.8757336735725403,0.09441084414720535
10140071_54208_23408,35.41918717717219,0.9162399172782898,0.09413111209869385
10140071_54208_36344,34.790674130189586,0.8878113627433777,0.1352851390838623
10140071_54516_15092,31.663113196857466,0.8553504943847656,0.11262652277946472
10140071_55132_36344,30.414815812224067,0.8508272767066956,0.11362001299858093
10140071_55440_27412,34.44481318171705,0.894144594669342,0.08948489278554916
10140071_55748_34188,33.70352557531545,0.8910471796989441,0.07381881773471832
10140071_56672_58212,35.17438454427757,0.9264336228370667,0.06793507933616638
10140071_56672_76384,34.30028658043511,0.8778994083404541,0.14369598031044006
10140071_56980_60676,35.84271641452721,0.920130729675293,0.06813980638980865
10140071_57288_39116,34.59189167750714,0.8799450993537903,0.10473106056451797
10140071_57288_41888,33.63117239880425,0.9053633213043213,0.07241179794073105
10140071_57904_53900,33.56136305523694,0.8864617347717285,0.12345913052558899
10140071_58212_35728,35.48662894387836,0.9285638928413391,0.08922028541564941
10140071_58212_58212,33.41970929161378,0.899517297744751,0.0894024595618248
10140071_58520_60984,36.7420968699953,0.9244546890258789,0.08880110085010529
10140071_5852_42812,33.11613768638305,0.8966963887214661,0.08881741017103195
10140071_58828_19096,35.57622877920593,0.8923375010490417,0.12134663760662079
10140071_59136_12320,32.75461935089885,0.8300714492797852,0.18973100185394287
10140071_60060_56672,34.83391858569754,0.8993635177612305,0.090031698346138
10140071_60060_88088,34.88315142174511,0.9057651162147522,0.08342629671096802
10140071_60368_34804,34.49919784345036,0.8871287703514099,0.08153404295444489
10140071_60676_64372,37.824400851354675,0.9296165108680725,0.0841202512383461
10140071_60676_69916,33.312622831683704,0.8815133571624756,0.1415889859199524
10140071_61292_48664,33.79076303380063,0.8959336280822754,0.08742670714855194
10140071_61292_52976,36.023212301176684,0.927649736404419,0.0599842332303524
10140071_61292_53592,34.33226868449242,0.8913040161132812,0.0971866101026535
10140071_61292_54516,35.39475761557589,0.9059649109840393,0.08015535026788712
10140071_61600_15092,31.63016662400176,0.8735125660896301,0.08839188516139984
10140071_61600_35112,35.404226764044296,0.9096422791481018,0.05368432402610779
10140071_61600_49280,35.65760262668145,0.9112372994422913,0.09032266587018967
10140071_61600_87164,31.59747904248252,0.8787398934364319,0.06708826869726181
10140071_616_32032,32.39779334935915,0.804445743560791,0.22269907593727112
10140071_616_60368,34.03807141592622,0.8623514175415039,0.15689587593078613
10140071_61908_13244,34.793103012710105,0.8764051795005798,0.14452846348285675
10140071_61908_50512,33.40052585865214,0.8835742473602295,0.09667902439832687
10140071_61908_63756,36.37386629882937,0.9269752502441406,0.07952477037906647
10140071_62216_78232,35.4475664842756,0.900160551071167,0.11512075364589691
10140071_62216_85932,35.743679609915134,0.9120796322822571,0.08599777519702911
10140071_62524_38192,36.19159290516319,0.9259170889854431,0.06941192597150803
10140071_62832_48664,36.57482819353961,0.9116637706756592,0.10182949155569077
10140071_63140_48972,35.630465500693454,0.9080789685249329,0.09056995809078217
10140071_63140_59444,31.662591478561506,0.8800482153892517,0.13217465579509735
10140071_63140_65296,34.82517998243107,0.9302493929862976,0.05864300578832626
10140071_63448_43120,33.230733029102815,0.9056439399719238,0.06335578858852386
10140071_64372_55748,34.21240197101599,0.8597012162208557,0.13685783743858337
10140071_64372_74228,33.740678103237705,0.9050178527832031,0.1030854731798172
10140071_64680_26180,33.104467540427684,0.8934463858604431,0.0788722112774849
10140071_6468_26796,34.393022328325294,0.8759216666221619,0.12603260576725006
10140071_64988_67760,32.833996712118136,0.9031320214271545,0.09808805584907532
10140071_65296_76692,36.29772303422782,0.9322002530097961,0.06096635013818741
10140071_65604_64988,34.30054691781599,0.9326165318489075,0.08054755628108978
10140071_65912_23716,29.9983330701979,0.8486072421073914,0.12401093542575836
10140071_67452_80388,33.15317909792952,0.901399552822113,0.10700500756502151
10140071_68684_47124,33.792022027370244,0.9176117777824402,0.06937059760093689
10140071_68684_71148,34.853685726888656,0.9286274909973145,0.06898214668035507
10140071_68992_59752,34.36011649037452,0.9066055417060852,0.08787336945533752
10140071_69916_38192,35.6112333345751,0.9105693697929382,0.07425232976675034
10140071_70224_79156,35.14765463842185,0.9360570311546326,0.059087928384542465
10140071_70532_68684,33.609530974888436,0.9012660980224609,0.07841338217258453
10140071_7084_66528,34.10460832259988,0.8801453113555908,0.10053708404302597
10140071_71456_22792,36.37698193006474,0.902972400188446,0.11266842484474182
10140071_71456_36036,36.496116791170344,0.9178908467292786,0.09289848804473877
10140071_72380_45584,36.02738694312325,0.9307541251182556,0.05558989569544792
10140071_72380_71764,33.92659363860283,0.90215665102005,0.07289035618305206
10140071_72688_22792,33.3539607718404,0.8531695008277893,0.15708214044570923
10140071_72996_23408,35.03674879853891,0.8850655555725098,0.15512649714946747
10140071_72996_33572,34.98866933855758,0.904883086681366,0.09279611706733704
10140071_72996_76692,37.67848533545913,0.9345353245735168,0.05724659189581871
10140071_73304_23716,33.66846824590852,0.8927083611488342,0.1031988114118576
10140071_73612_49280,34.157064011699426,0.8958633542060852,0.08349977433681488
10140071_73920_53900,38.605901647837015,0.935884952545166,0.06703179329633713
10140071_77000_36344,39.0566183276285,0.9495058059692383,0.05492295324802399
10140071_77000_46200,35.12774320473517,0.9056839346885681,0.09877978265285492
10140071_7700_63756,33.748221707734324,0.8622158169746399,0.11187514662742615
10140071_7700_73304,34.835581493312596,0.8917987942695618,0.11138457804918289
10140071_77924_61908,35.934760989368904,0.9213158488273621,0.073237344622612
10140071_79772_48048,33.766218618166974,0.9225108027458191,0.07432013750076294
10140071_8008_28336,33.65729653054019,0.9066958427429199,0.091270312666893
10140071_81004_54208,36.98973450237989,0.907855212688446,0.11075440794229507
10140071_81620_46816,34.9241645483356,0.8876591324806213,0.12146614491939545
10140071_82236_57904,34.447265205507065,0.8923466801643372,0.10866491496562958
10140071_82544_62524,35.45521262280436,0.8919215798377991,0.12764616310596466
10140071_83468_56980,36.387723025846746,0.9200661182403564,0.08801283687353134
10140071_8624_61292,33.90698839855491,0.9265625476837158,0.08272017538547516
10140071_8624_71764,34.761777296265414,0.8741672039031982,0.16189198195934296
10140071_9240_21560,31.68868050619229,0.8339263796806335,0.13702133297920227
10140071_924_41580,35.421454651984696,0.9178325533866882,0.08053480088710785
10140071_9856_22176,32.899383519770026,0.89604252576828,0.13022759556770325
10140071_9856_47124,37.1972146188537,0.9327583909034729,0.06823903322219849
10140071_9856_49280,35.179220637248235,0.896019458770752,0.09220673888921738
10140071_9856_81004,32.25382293011534,0.8669125437736511,0.15266557037830353
